Country,Continent,Population,Total_Cases,Total_Deaths,Total_Recovered,Active_Cases,Critical,Tot Cases/1M pop,Deaths/1M pop,Total_Tests
USA,North America,331198130,5032179,162804,2576668,2292707,18296,15194,492,63139605
Brazil,South America,212710692,2917562,98644,2047660,771258,8318,13716,464,13206188
India,Asia,1381344997,2025409,41638,1377384,606387,8944,1466,30,22149351
Russia,Europe,145940924,871894,14606,676357,180931,2300,5974,100,29716907
South Africa,Africa,59381566,538184,9604,387316,141264,539,9063,162,3149807
Mexico,North America,129066160,462690,50517,308848,103325,3987,3585,391,1056915
Peru,South America,33016319,455409,20424,310337,124648,1426,13793,619,2493429
Chile,South America,19132514,366671,9889,340168,16614,1358,19165,517,1760615
Colombia,South America,50936262,357710,11939,192355,153416,1493,7023,234,1801835
Spain,Europe,46756648,354530,28500,NULL,NULL,617,7582,610,7064329
Iran,Asia,84097623,320117,17976,277463,24678,4156,3806,214,2612763
UK,Europe,67922029,308134,46413,NULL,NULL,73,4537,683,17515234
Saudi Arabia,Asia,34865919,284226,3055,247089,34082,1915,8152,88,3635705
Pakistan,Asia,221295851,281863,6035,256058,19770,809,1274,27,2058872
Bangladesh,Asia,164851401,249651,3306,143824,102521,NULL,1514,20,1225124
Italy,Europe,60452568,249204,35187,201323,12694,42,4122,582,7099713
Turkey,Asia,84428331,237265,5798,220546,10921,580,2810,69,5081802
Argentina,South America,45236884,228195,4251,99852,124092,1150,5044,94,794544
Germany,Europe,83811260,215210,9252,196200,9758,236,2568,110,8586648
France,Europe,65288306,195633,30312,82460,82861,384,2996,464,3992206
Iraq,Asia,40306025,140603,5161,101025,34417,517,3488,128,1092741
Philippines,Asia,109722719,119460,2150,66837,50473,239,1089,20,1669996
Indonesia,Asia,273808365,118753,5521,75645,37587,NULL,434,20,1633156
Canada,North America,37775022,118561,8966,103106,6489,2263,3139,237,4319172
Qatar,Asia,2807805,112092,178,108831,3083,77,39922,63,511000
Kazakhstan,Asia,18798667,95942,1058,68871,26013,221,5104,56,2163713
Egypt,Africa,102516525,95006,4951,48898,41157,41,927,48,135000
Ecuador,South America,17668824,90537,5877,71318,13342,378,5124,333,258582
Bolivia,South America,11688459,86423,3465,27373,55585,71,7394,296,183583
Sweden,Europe,10105596,81967,5766,NULL,NULL,38,8111,571,863315
Oman,Asia,5118446,80713,492,70910,9311,177,15769,96,309212
Israel,Asia,9197590,79559,576,53427,25556,358,8650,63,1872453
Ukraine,Europe,43705858,76808,1819,42524,32465,158,1757,42,1116641
Dominican Republic,North America,10858648,76536,1246,40539,34751,317,7048,115,281926
Panama,North America,4321282,71418,1574,45658,24186,161,16527,364,240995
Belgium,Europe,11594739,71158,9859,17661,43638,61,6137,850,1767120
Kuwait,Asia,4276658,70045,469,61610,7966,127,16378,110,522200
Belarus,Europe,9449001,68503,580,63756,4167,NULL,7250,61,1344303
UAE,Asia,9902079,61845,354,55739,5752,NULL,6246,36,5262658
Romania,Europe,19224023,57895,2566,28992,26337,458,3012,133,1319369
Netherlands,Europe,17138756,56982,6153,NULL,NULL,37,3325,359,1079860
Singapore,Asia,5854932,54555,27,48031,6497,NULL,9318,5,1474372
Guatemala,North America,17946899,54339,2119,42070,10150,5,3028,118,172712
Portugal,Europe,10193593,52061,1743,37840,12478,42,5107,171,1705474
Poland,Europe,37842302,49515,1774,35642,12099,72,1308,47,2374686
Nigeria,Africa,206606300,45244,930,32430,11884,7,219,5,306894
Honduras,North America,9919704,45098,1423,6116,37559,52,4546,143,109292
Bahrain,Asia,1706669,42889,156,39945,2788,41,25130,91,876700
Japan,Asia,126435859,42263,1026,28877,12360,115,334,8,938739
Armenia,Asia,2963811,39819,772,31556,7491,NULL,13435,260,171600
Ghana,Africa,31133483,39642,199,36384,3059,7,1273,6,405817
Kyrgyzstan,Asia,6534479,38659,1447,30099,7113,24,5916,221,267718
Afghanistan,Asia,39009447,36896,1298,25840,9758,31,946,33,90396
Switzerland,Europe,8660952,36108,1985,31600,2523,23,4169,229,822764
Algeria,Africa,43926079,33626,1273,23238,9115,57,766,29,NULL
Azerbaijan,Asia,10148243,33247,479,29275,3493,66,3276,47,766179
Morocco,Africa,36953359,29644,449,20553,8642,31,802,12,1383816
Uzbekistan,Asia,33516027,28315,175,19291,8849,228,845,5,1377915
Serbia,Europe,8733665,27332,621,14047,12664,120,3129,71,723137
Moldova,Europe,4032983,26628,828,18676,7124,362,6603,205,128076
Ireland,Europe,4943200,26372,1768,23364,1240,5,5335,358,652917
Kenya,Africa,53881160,24411,399,10444,13568,44,453,7,335318
Venezuela,South America,28427499,22299,195,12146,9958,42,784,7,1567431
Nepal,Asia,29186486,21750,65,15389,6296,NULL,745,2,731977
Austria,Europe,9011577,21696,719,19596,1381,25,2408,80,937275
Costa Rica,North America,5098730,21070,200,7038,13832,103,4132,39,96110
Ethiopia,Africa,115223736,20900,365,9027,11508,185,181,3,468814
Australia,Australia/Oceania,25528864,19890,255,10941,8694,52,779,10,4631419
El Salvador,North America,6489514,19126,513,9236,9377,509,2947,79,251271
Czechia,Europe,10711019,17731,390,12320,5021,17,1655,36,728670
Cameroon,Africa,26606188,17718,391,15320,2007,30,666,15,149000
Ivory Coast,Africa,26437950,16447,103,12484,3860,NULL,622,4,104584
S. Korea,Asia,51273732,14519,303,13543,673,18,283,6,1613652
Denmark,Europe,5794279,14306,617,12787,902,2,2469,106,1654512
Palestine,Asia,5112340,13398,92,6907,6399,NULL,2621,18,200280
Bosnia and Herzegovina,Europe,3278650,13396,384,7042,5970,NULL,4086,117,147021
Bulgaria,Europe,6942854,13014,435,7374,5205,47,1874,63,294087
Madagascar,Africa,27755708,12526,134,10148,2244,88,451,5,46301
Sudan,Africa,43943536,11780,763,6194,4823,NULL,268,17,401
North Macedonia,Europe,2083365,11399,517,7480,3402,3,5471,248,109946
Senegal,Africa,16783877,10715,223,7101,3391,33,638,13,114761
Norway,Europe,5425471,9468,256,8857,355,3,1745,47,472841
DRC,Africa,89802183,9309,215,8048,1046,NULL,104,2,NULL
Malaysia,Asia,32406372,9038,125,8713,200,2,279,4,991333
French Guiana,South America,299385,8127,47,7240,840,23,27146,157,41412
Gabon,Africa,2230563,7787,51,5609,2127,11,3491,23,85369
Tajikistan,Asia,9557468,7665,62,6443,1160,NULL,802,6,NULL
Guinea,Africa,13164905,7664,49,6757,858,24,582,4,14407
Haiti,North America,11416103,7544,171,4832,2541,NULL,661,15,18443
Finland,Europe,5541604,7532,331,6980,221,NULL,1359,60,389500
Zambia,Africa,18430129,7164,199,5786,1179,NULL,389,11,90307
Luxembourg,Europe,626952,7073,119,5750,1204,9,11282,190,623994
Mauritania,Africa,4660728,6444,157,5291,996,3,1383,34,57387
Paraguay,South America,7141091,6375,66,4974,1335,23,893,9,135277
Albania,Europe,2877470,6016,188,3155,2673,23,2091,65,38997
Lebanon,Asia,6822220,5672,70,1974,3628,46,831,10,345268
Croatia,Europe,4102577,5404,155,4688,561,7,1317,38,125317
Djibouti,Africa,989387,5330,59,5057,214,NULL,5387,60,59909
Greece,Europe,10417673,5123,210,1374,3539,14,492,20,619393
Libya,Africa,6880353,4879,107,652,4120,NULL,709,16,59699
Equatorial Guinea,Africa,1407001,4821,83,2182,2556,NULL,3426,59,44356
Maldives,Asia,541448,4680,19,2725,1936,12,8643,35,85587
CAR,Africa,4837752,4620,59,1641,2920,2,955,12,29589
Hungary,Europe,9657785,4597,600,3463,534,8,476,62,352546
Malawi,Africa,19174839,4491,137,2137,2217,4,234,7,33466
Zimbabwe,Africa,14883803,4339,84,1264,2991,NULL,292,6,140421
Nicaragua,North America,6632263,3902,123,2913,866,NULL,588,19,NULL
Hong Kong,Asia,7503041,3850,46,2458,1346,39,513,6,692430
Congo,Africa,5530506,3546,58,1589,1899,NULL,641,10,NULL
Montenegro,Europe,628074,3480,60,2178,1242,NULL,5541,96,38427
Thailand,Asia,69817894,3330,58,3148,124,1,48,0.8,749213
Somalia,Africa,15933012,3227,93,1728,1406,2,203,6,NULL
Mayotte,Africa,273419,3042,39,2738,265,2,11126,143,13000
Eswatini,Africa,1161348,2968,55,1476,1437,5,2556,47,20784
Sri Lanka,Asia,21422362,2839,11,2541,287,1,133,0.5,166737
Cuba,North America,11325899,2775,88,2409,278,4,245,8,285471
Cabo Verde,Africa,556581,2734,27,2010,697,NULL,4912,49,61633
Namibia,Africa,2545264,2652,15,563,2074,24,1042,6,29233
Mali,Africa,20302901,2552,124,1954,474,NULL,126,6,25152
Slovakia,Europe,5459915,2480,29,1824,627,2,454,5,272322
South Sudan,Africa,11206572,2450,47,1175,1228,NULL,219,4,12044
Slovenia,Europe,2078968,2223,125,1909,189,2,1069,60,135702
Lithuania,Europe,2718121,2171,81,1656,434,6,799,30,540784
Estonia,Europe,1326627,2124,63,1954,107,NULL,1601,47,122880
Mozambique,Africa,31333962,2120,15,795,1310,NULL,68,0.5,65151
Rwanda,Africa,12981546,2111,5,1258,848,NULL,163,0.4,286251
Suriname,South America,587154,2096,29,1446,621,9,3570,49,2785
Guinea-Bissau,Africa,1972277,2032,27,944,1061,5,1030,14,1500
Benin,Africa,12151976,1936,38,1600,298,1,159,3,93677
Iceland,Europe,341465,1930,10,1825,95,NULL,5652,29,149693
Sierra Leone,Africa,7992169,1877,67,1427,383,NULL,235,8,NULL
Yemen,Asia,29886897,1768,508,898,362,NULL,59,17,120
Tunisia,Africa,11830801,1642,51,1241,350,9,139,4,100298
New Zealand,Australia/Oceania,5002100,1569,22,1524,23,NULL,314,4,486943
Angola,Africa,32956300,1483,64,520,899,20,45,2,64747
Uruguay,South America,3474956,1318,37,1079,202,2,379,11,126956
Latvia,Europe,1883936,1275,32,1070,173,NULL,677,17,207909
Jordan,Asia,10213138,1232,11,1171,50,3,121,1,628745
Liberia,Africa,5068618,1224,78,705,441,NULL,241,15,NULL
Uganda,Africa,45867852,1223,5,1102,116,NULL,27,0.1,288367
Cyprus,Asia,1208238,1208,19,856,333,NULL,1000,16,216597
Georgia,Asia,3988368,1206,17,987,202,NULL,302,4,240473
Burkina Faso,Africa,20954852,1158,54,961,143,NULL,55,3,NULL
Niger,Africa,24281433,1153,69,1057,27,NULL,47,3,9052
Togo,Africa,8296582,1012,22,697,293,2,122,3,45767
Syria,Asia,17539600,999,48,311,640,NULL,57,3,NULL
Jamaica,North America,2962478,958,12,745,201,NULL,323,4,41840
Malta,Europe,441663,946,9,670,267,NULL,2142,20,136713
Andorra,Europe,77278,944,52,828,64,1,12216,673,3750
Chad,Africa,16467965,942,76,838,28,NULL,57,5,NULL
Gambia,Africa,2422754,935,16,136,783,NULL,386,7,5183
Sao Tome and Principe,Africa,219544,878,15,797,66,NULL,3999,68,3079
Botswana,Africa,2356075,804,2,63,739,1,341,0.8,68423
Bahamas,North America,393616,761,14,91,656,1,1933,36,4814
Vietnam,Asia,97425470,747,10,392,345,NULL,8,0.1,482456
Lesotho,Africa,2143943,742,23,175,544,NULL,346,11,8771
Diamond Princess,NULL,NULL,712,13,651,48,4,NULL,NULL,NULL
San Marino,Europe,33938,699,42,657,0,NULL,20596,1238,6068
Réunion,Africa,895952,671,5,592,74,3,749,6,35419
Channel Islands,Europe,174022,597,47,533,17,NULL,3431,270,30721
Guyana,South America,786936,538,22,189,327,2,684,28,5165
Tanzania,Africa,59886383,509,21,183,305,7,8,0.4,NULL
Taiwan,Asia,23821199,477,7,443,27,NULL,20,0.3,82737
Comoros,Africa,871326,396,7,340,49,NULL,454,8,NULL
Burundi,Africa,11922216,395,1,304,90,NULL,33,0.08,15614
Myanmar,Asia,54446389,357,6,308,43,NULL,7,0.1,122290
Mauritius,Africa,1271985,344,10,334,0,NULL,270,8,205285
Isle of Man,Europe,85078,336,24,312,0,NULL,3949,282,8627
Mongolia,Asia,3283344,293,NULL,260,33,1,89,NULL,38334
Eritrea,Africa,3551175,282,NULL,225,57,NULL,79,NULL,NULL
Guadeloupe,North America,400131,279,14,179,86,NULL,697,35,18476
Martinique,North America,375235,276,15,98,163,1,736,40,12227
Faeroe Islands,Europe,48882,266,NULL,192,74,1,5442,NULL,43045
Aruba,North America,106812,263,3,114,146,NULL,2462,28,14047
Cambodia,Asia,16741375,243,NULL,210,33,1,15,NULL,67807
Trinidad and Tobago,North America,1399950,210,8,135,67,NULL,150,6,9559
Cayman Islands,North America,65798,203,1,202,0,NULL,3085,15,31108
Gibraltar,Europe,33690,190,NULL,184,6,NULL,5640,NULL,23063
Papua New Guinea,Australia/Oceania,8963009,163,3,53,107,NULL,18,0.3,10808
Sint Maarten,North America,42924,160,16,64,80,3,3728,373,1115
Bermuda,North America,62254,157,9,144,4,NULL,2522,145,26352
Brunei ,Asia,437893,141,3,138,0,NULL,322,7,41148
Barbados,North America,287411,133,7,100,26,NULL,463,24,12233
Turks and Caicos,North America,38768,129,2,39,88,3,3327,52,1252
Seychelles,Africa,98408,126,NULL,124,2,NULL,1280,NULL,NULL
Monaco,Europe,39270,125,4,105,16,2,3183,102,38209
Bhutan,Asia,772443,105,NULL,93,12,NULL,136,NULL,54589
Antigua and Barbuda,North America,98010,92,3,76,13,1,939,31,1500
Liechtenstein,Europe,38139,89,1,85,3,NULL,2334,26,900
Belize,North America,398312,86,2,31,53,2,216,5,3679
French Polynesia,Australia/Oceania,281072,64,NULL,62,2,NULL,228,NULL,5849
St. Vincent Grenadines,North America,110976,56,NULL,46,10,NULL,505,NULL,2447
Saint Martin,North America,38729,53,3,41,9,1,1368,77,1183
Macao,Asia,650193,46,NULL,46,0,NULL,71,NULL,4071
Curaçao,North America,164161,31,1,28,2,NULL,189,6,1080
Fiji,Australia/Oceania,897095,27,1,18,8,NULL,30,1,6693
Saint Lucia,North America,183712,25,NULL,24,1,NULL,136,NULL,3895
Timor-Leste,Asia,1320812,25,NULL,24,1,NULL,19,NULL,4238
Grenada,North America,112576,24,NULL,23,1,NULL,213,NULL,6252
New Caledonia,Australia/Oceania,285769,22,NULL,22,0,NULL,77,NULL,11099
Laos,Asia,7285750,20,NULL,19,1,NULL,3,NULL,29374
Dominica,North America,72004,18,NULL,18,0,NULL,250,NULL,1005
Saint Kitts and Nevis,North America,53237,17,NULL,16,1,NULL,319,NULL,1146
Greenland,North America,56780,14,NULL,14,0,NULL,247,NULL,5977
Montserrat,North America,4992,13,1,10,2,NULL,2604,200,61
Caribbean Netherlands,North America,26247,13,NULL,7,6,NULL,495,NULL,424
Falkland Islands,South America,3489,13,NULL,13,0,NULL,3726,NULL,1816
Vatican City,Europe,801,12,NULL,12,0,NULL,14981,NULL,NULL
Western Sahara,Africa,598682,10,1,8,1,NULL,17,2,NULL
